Campaign,Ad Group,Keyword,Status,Max CPC,Final URL
Footwear Products,red shoes for sale,enabled,0.1,[red shoes for sale],www.shoesforsale.com/shoes/red
Footwear Products,red shoes for sale,enabled,0.1,+red +shoes +for +sale,www.shoesforsale.com/shoes/red
Footwear Products,red shoes deal,enabled,0.1,[red shoes deal],www.shoesforsale.com/shoes/red
Footwear Products,red shoes deal,enabled,0.1,+red +shoes +deal,www.shoesforsale.com/shoes/red
Footwear Products,red shoes accessories,enabled,0.1,[red shoes accessories],www.shoesforsale.com/shoes/red
Footwear Products,red shoes accessories,enabled,0.1,+red +shoes +accessories,www.shoesforsale.com/shoes/red
Footwear Products,red trainers for sale,enabled,0.1,[red trainers for sale],www.shoesforsale.com/trainers/red
Footwear Products,red trainers for sale,enabled,0.1,+red +trainers +for +sale,www.shoesforsale.com/trainers/red
Footwear Products,red trainers deal,enabled,0.1,[red trainers deal],www.shoesforsale.com/trainers/red
Footwear Products,red trainers deal,enabled,0.1,+red +trainers +deal,www.shoesforsale.com/trainers/red
Footwear Products,red trainers accessories,enabled,0.1,[red trainers accessories],www.shoesforsale.com/trainers/red
Footwear Products,red trainers accessories,enabled,0.1,+red +trainers +accessories,www.shoesforsale.com/trainers/red
Footwear Products,red boots for sale,enabled,0.1,[red boots for sale],www.shoesforsale.com/boots/red
Footwear Products,red boots for sale,enabled,0.1,+red +boots +for +sale,www.shoesforsale.com/boots/red
Footwear Products,red boots deal,enabled,0.1,[red boots deal],www.shoesforsale.com/boots/red
Footwear Products,red boots deal,enabled,0.1,+red +boots +deal,www.shoesforsale.com/boots/red
Footwear Products,red boots accessories,enabled,0.1,[red boots accessories],www.shoesforsale.com/boots/red
Footwear Products,red boots accessories,enabled,0.1,+red +boots +accessories,www.shoesforsale.com/boots/red
Footwear Products,red desert boots for sale,enabled,0.1,[red desert boots for sale],www.shoesforsale.com/desert boots/red
Footwear Products,red desert boots for sale,enabled,0.1,+red +desert +boots +for +sale,www.shoesforsale.com/desert boots/red
Footwear Products,red desert boots deal,enabled,0.1,[red desert boots deal],www.shoesforsale.com/desert boots/red
Footwear Products,red desert boots deal,enabled,0.1,+red +desert +boots +deal,www.shoesforsale.com/desert boots/red
Footwear Products,red desert boots accessories,enabled,0.1,[red desert boots accessories],www.shoesforsale.com/desert boots/red
Footwear Products,red desert boots accessories,enabled,0.1,+red +desert +boots +accessories,www.shoesforsale.com/desert boots/red
Footwear Products,blue shoes for sale,enabled,0.1,[blue shoes for sale],www.shoesforsale.com/shoes/blue
Footwear Products,blue shoes for sale,enabled,0.1,+blue +shoes +for +sale,www.shoesforsale.com/shoes/blue
Footwear Products,blue shoes deal,enabled,0.1,[blue shoes deal],www.shoesforsale.com/shoes/blue
Footwear Products,blue shoes deal,enabled,0.1,+blue +shoes +deal,www.shoesforsale.com/shoes/blue
Footwear Products,blue shoes accessories,enabled,0.1,[blue shoes accessories],www.shoesforsale.com/shoes/blue
Footwear Products,blue shoes accessories,enabled,0.1,+blue +shoes +accessories,www.shoesforsale.com/shoes/blue
Footwear Products,blue trainers for sale,enabled,0.1,[blue trainers for sale],www.shoesforsale.com/trainers/blue
Footwear Products,blue trainers for sale,enabled,0.1,+blue +trainers +for +sale,www.shoesforsale.com/trainers/blue
Footwear Products,blue trainers deal,enabled,0.1,[blue trainers deal],www.shoesforsale.com/trainers/blue
Footwear Products,blue trainers deal,enabled,0.1,+blue +trainers +deal,www.shoesforsale.com/trainers/blue
Footwear Products,blue trainers accessories,enabled,0.1,[blue trainers accessories],www.shoesforsale.com/trainers/blue
Footwear Products,blue trainers accessories,enabled,0.1,+blue +trainers +accessories,www.shoesforsale.com/trainers/blue
Footwear Products,blue boots for sale,enabled,0.1,[blue boots for sale],www.shoesforsale.com/boots/blue
Footwear Products,blue boots for sale,enabled,0.1,+blue +boots +for +sale,www.shoesforsale.com/boots/blue
Footwear Products,blue boots deal,enabled,0.1,[blue boots deal],www.shoesforsale.com/boots/blue
Footwear Products,blue boots deal,enabled,0.1,+blue +boots +deal,www.shoesforsale.com/boots/blue
Footwear Products,blue boots accessories,enabled,0.1,[blue boots accessories],www.shoesforsale.com/boots/blue
Footwear Products,blue boots accessories,enabled,0.1,+blue +boots +accessories,www.shoesforsale.com/boots/blue
Footwear Products,blue desert boots for sale,enabled,0.1,[blue desert boots for sale],www.shoesforsale.com/desert boots/blue
Footwear Products,blue desert boots for sale,enabled,0.1,+blue +desert +boots +for +sale,www.shoesforsale.com/desert boots/blue
Footwear Products,blue desert boots deal,enabled,0.1,[blue desert boots deal],www.shoesforsale.com/desert boots/blue
Footwear Products,blue desert boots deal,enabled,0.1,+blue +desert +boots +deal,www.shoesforsale.com/desert boots/blue
Footwear Products,blue desert boots accessories,enabled,0.1,[blue desert boots accessories],www.shoesforsale.com/desert boots/blue
Footwear Products,blue desert boots accessories,enabled,0.1,+blue +desert +boots +accessories,www.shoesforsale.com/desert boots/blue
Footwear Products,black shoes for sale,enabled,0.1,[black shoes for sale],www.shoesforsale.com/shoes/black
Footwear Products,black shoes for sale,enabled,0.1,+black +shoes +for +sale,www.shoesforsale.com/shoes/black
Footwear Products,black shoes deal,enabled,0.1,[black shoes deal],www.shoesforsale.com/shoes/black
Footwear Products,black shoes deal,enabled,0.1,+black +shoes +deal,www.shoesforsale.com/shoes/black
Footwear Products,black shoes accessories,enabled,0.1,[black shoes accessories],www.shoesforsale.com/shoes/black
Footwear Products,black shoes accessories,enabled,0.1,+black +shoes +accessories,www.shoesforsale.com/shoes/black
Footwear Products,black trainers for sale,enabled,0.1,[black trainers for sale],www.shoesforsale.com/trainers/black
Footwear Products,black trainers for sale,enabled,0.1,+black +trainers +for +sale,www.shoesforsale.com/trainers/black
Footwear Products,black trainers deal,enabled,0.1,[black trainers deal],www.shoesforsale.com/trainers/black
Footwear Products,black trainers deal,enabled,0.1,+black +trainers +deal,www.shoesforsale.com/trainers/black
Footwear Products,black trainers accessories,enabled,0.1,[black trainers accessories],www.shoesforsale.com/trainers/black
Footwear Products,black trainers accessories,enabled,0.1,+black +trainers +accessories,www.shoesforsale.com/trainers/black
Footwear Products,black boots for sale,enabled,0.1,[black boots for sale],www.shoesforsale.com/boots/black
Footwear Products,black boots for sale,enabled,0.1,+black +boots +for +sale,www.shoesforsale.com/boots/black
Footwear Products,black boots deal,enabled,0.1,[black boots deal],www.shoesforsale.com/boots/black
Footwear Products,black boots deal,enabled,0.1,+black +boots +deal,www.shoesforsale.com/boots/black
Footwear Products,black boots accessories,enabled,0.1,[black boots accessories],www.shoesforsale.com/boots/black
Footwear Products,black boots accessories,enabled,0.1,+black +boots +accessories,www.shoesforsale.com/boots/black
Footwear Products,black desert boots for sale,enabled,0.1,[black desert boots for sale],www.shoesforsale.com/desert boots/black
Footwear Products,black desert boots for sale,enabled,0.1,+black +desert +boots +for +sale,www.shoesforsale.com/desert boots/black
Footwear Products,black desert boots deal,enabled,0.1,[black desert boots deal],www.shoesforsale.com/desert boots/black
Footwear Products,black desert boots deal,enabled,0.1,+black +desert +boots +deal,www.shoesforsale.com/desert boots/black
Footwear Products,black desert boots accessories,enabled,0.1,[black desert boots accessories],www.shoesforsale.com/desert boots/black
Footwear Products,black desert boots accessories,enabled,0.1,+black +desert +boots +accessories,www.shoesforsale.com/desert boots/black
Footwear Products,grey shoes for sale,enabled,0.1,[grey shoes for sale],www.shoesforsale.com/shoes/grey
Footwear Products,grey shoes for sale,enabled,0.1,+grey +shoes +for +sale,www.shoesforsale.com/shoes/grey
Footwear Products,grey shoes deal,enabled,0.1,[grey shoes deal],www.shoesforsale.com/shoes/grey
Footwear Products,grey shoes deal,enabled,0.1,+grey +shoes +deal,www.shoesforsale.com/shoes/grey
Footwear Products,grey shoes accessories,enabled,0.1,[grey shoes accessories],www.shoesforsale.com/shoes/grey
Footwear Products,grey shoes accessories,enabled,0.1,+grey +shoes +accessories,www.shoesforsale.com/shoes/grey
Footwear Products,grey trainers for sale,enabled,0.1,[grey trainers for sale],www.shoesforsale.com/trainers/grey
Footwear Products,grey trainers for sale,enabled,0.1,+grey +trainers +for +sale,www.shoesforsale.com/trainers/grey
Footwear Products,grey trainers deal,enabled,0.1,[grey trainers deal],www.shoesforsale.com/trainers/grey
Footwear Products,grey trainers deal,enabled,0.1,+grey +trainers +deal,www.shoesforsale.com/trainers/grey
Footwear Products,grey trainers accessories,enabled,0.1,[grey trainers accessories],www.shoesforsale.com/trainers/grey
Footwear Products,grey trainers accessories,enabled,0.1,+grey +trainers +accessories,www.shoesforsale.com/trainers/grey
Footwear Products,grey boots for sale,enabled,0.1,[grey boots for sale],www.shoesforsale.com/boots/grey
Footwear Products,grey boots for sale,enabled,0.1,+grey +boots +for +sale,www.shoesforsale.com/boots/grey
Footwear Products,grey boots deal,enabled,0.1,[grey boots deal],www.shoesforsale.com/boots/grey
Footwear Products,grey boots deal,enabled,0.1,+grey +boots +deal,www.shoesforsale.com/boots/grey
Footwear Products,grey boots accessories,enabled,0.1,[grey boots accessories],www.shoesforsale.com/boots/grey
Footwear Products,grey boots accessories,enabled,0.1,+grey +boots +accessories,www.shoesforsale.com/boots/grey
Footwear Products,grey desert boots for sale,enabled,0.1,[grey desert boots for sale],www.shoesforsale.com/desert boots/grey
Footwear Products,grey desert boots for sale,enabled,0.1,+grey +desert +boots +for +sale,www.shoesforsale.com/desert boots/grey
Footwear Products,grey desert boots deal,enabled,0.1,[grey desert boots deal],www.shoesforsale.com/desert boots/grey
Footwear Products,grey desert boots deal,enabled,0.1,+grey +desert +boots +deal,www.shoesforsale.com/desert boots/grey
Footwear Products,grey desert boots accessories,enabled,0.1,[grey desert boots accessories],www.shoesforsale.com/desert boots/grey
Footwear Products,grey desert boots accessories,enabled,0.1,+grey +desert +boots +accessories,www.shoesforsale.com/desert boots/grey
Footwear Products,brown shoes for sale,enabled,0.1,[brown shoes for sale],www.shoesforsale.com/shoes/brown
Footwear Products,brown shoes for sale,enabled,0.1,+brown +shoes +for +sale,www.shoesforsale.com/shoes/brown
Footwear Products,brown shoes deal,enabled,0.1,[brown shoes deal],www.shoesforsale.com/shoes/brown
Footwear Products,brown shoes deal,enabled,0.1,+brown +shoes +deal,www.shoesforsale.com/shoes/brown
Footwear Products,brown shoes accessories,enabled,0.1,[brown shoes accessories],www.shoesforsale.com/shoes/brown
Footwear Products,brown shoes accessories,enabled,0.1,+brown +shoes +accessories,www.shoesforsale.com/shoes/brown
Footwear Products,brown trainers for sale,enabled,0.1,[brown trainers for sale],www.shoesforsale.com/trainers/brown
Footwear Products,brown trainers for sale,enabled,0.1,+brown +trainers +for +sale,www.shoesforsale.com/trainers/brown
Footwear Products,brown trainers deal,enabled,0.1,[brown trainers deal],www.shoesforsale.com/trainers/brown
Footwear Products,brown trainers deal,enabled,0.1,+brown +trainers +deal,www.shoesforsale.com/trainers/brown
Footwear Products,brown trainers accessories,enabled,0.1,[brown trainers accessories],www.shoesforsale.com/trainers/brown
Footwear Products,brown trainers accessories,enabled,0.1,+brown +trainers +accessories,www.shoesforsale.com/trainers/brown
Footwear Products,brown boots for sale,enabled,0.1,[brown boots for sale],www.shoesforsale.com/boots/brown
Footwear Products,brown boots for sale,enabled,0.1,+brown +boots +for +sale,www.shoesforsale.com/boots/brown
Footwear Products,brown boots deal,enabled,0.1,[brown boots deal],www.shoesforsale.com/boots/brown
Footwear Products,brown boots deal,enabled,0.1,+brown +boots +deal,www.shoesforsale.com/boots/brown
Footwear Products,brown boots accessories,enabled,0.1,[brown boots accessories],www.shoesforsale.com/boots/brown
Footwear Products,brown boots accessories,enabled,0.1,+brown +boots +accessories,www.shoesforsale.com/boots/brown
Footwear Products,brown desert boots for sale,enabled,0.1,[brown desert boots for sale],www.shoesforsale.com/desert boots/brown
Footwear Products,brown desert boots for sale,enabled,0.1,+brown +desert +boots +for +sale,www.shoesforsale.com/desert boots/brown
Footwear Products,brown desert boots deal,enabled,0.1,[brown desert boots deal],www.shoesforsale.com/desert boots/brown
Footwear Products,brown desert boots deal,enabled,0.1,+brown +desert +boots +deal,www.shoesforsale.com/desert boots/brown
Footwear Products,brown desert boots accessories,enabled,0.1,[brown desert boots accessories],www.shoesforsale.com/desert boots/brown
Footwear Products,brown desert boots accessories,enabled,0.1,+brown +desert +boots +accessories,www.shoesforsale.com/desert boots/brown
Footwear Products,green shoes for sale,enabled,0.1,[green shoes for sale],www.shoesforsale.com/shoes/green
Footwear Products,green shoes for sale,enabled,0.1,+green +shoes +for +sale,www.shoesforsale.com/shoes/green
Footwear Products,green shoes deal,enabled,0.1,[green shoes deal],www.shoesforsale.com/shoes/green
Footwear Products,green shoes deal,enabled,0.1,+green +shoes +deal,www.shoesforsale.com/shoes/green
Footwear Products,green shoes accessories,enabled,0.1,[green shoes accessories],www.shoesforsale.com/shoes/green
Footwear Products,green shoes accessories,enabled,0.1,+green +shoes +accessories,www.shoesforsale.com/shoes/green
Footwear Products,green trainers for sale,enabled,0.1,[green trainers for sale],www.shoesforsale.com/trainers/green
Footwear Products,green trainers for sale,enabled,0.1,+green +trainers +for +sale,www.shoesforsale.com/trainers/green
Footwear Products,green trainers deal,enabled,0.1,[green trainers deal],www.shoesforsale.com/trainers/green
Footwear Products,green trainers deal,enabled,0.1,+green +trainers +deal,www.shoesforsale.com/trainers/green
Footwear Products,green trainers accessories,enabled,0.1,[green trainers accessories],www.shoesforsale.com/trainers/green
Footwear Products,green trainers accessories,enabled,0.1,+green +trainers +accessories,www.shoesforsale.com/trainers/green
Footwear Products,green boots for sale,enabled,0.1,[green boots for sale],www.shoesforsale.com/boots/green
Footwear Products,green boots for sale,enabled,0.1,+green +boots +for +sale,www.shoesforsale.com/boots/green
Footwear Products,green boots deal,enabled,0.1,[green boots deal],www.shoesforsale.com/boots/green
Footwear Products,green boots deal,enabled,0.1,+green +boots +deal,www.shoesforsale.com/boots/green
Footwear Products,green boots accessories,enabled,0.1,[green boots accessories],www.shoesforsale.com/boots/green
Footwear Products,green boots accessories,enabled,0.1,+green +boots +accessories,www.shoesforsale.com/boots/green
Footwear Products,green desert boots for sale,enabled,0.1,[green desert boots for sale],www.shoesforsale.com/desert boots/green
Footwear Products,green desert boots for sale,enabled,0.1,+green +desert +boots +for +sale,www.shoesforsale.com/desert boots/green
Footwear Products,green desert boots deal,enabled,0.1,[green desert boots deal],www.shoesforsale.com/desert boots/green
Footwear Products,green desert boots deal,enabled,0.1,+green +desert +boots +deal,www.shoesforsale.com/desert boots/green
Footwear Products,green desert boots accessories,enabled,0.1,[green desert boots accessories],www.shoesforsale.com/desert boots/green
Footwear Products,green desert boots accessories,enabled,0.1,+green +desert +boots +accessories,www.shoesforsale.com/desert boots/green
